Date, Crude_Oil_Price 
01/01/1970, 1.21 
01/02/1970, 1.21 
01/03/1970, 1.21 
01/04/1970, 1.21 
01/05/1970, 1.21 
01/06/1970, 1.21 
01/07/1970, 1.21 
01/08/1970, 1.21 
01/09/1970, 1.21 
01/10/1970, 1.21 
01/11/1970, 1.21 
01/12/1970, 1.21 
01/01/1971, 1.64 
01/02/1971, 1.64 
01/03/1971, 1.64 
01/04/1971, 1.64 
01/05/1971, 1.64 
01/06/1971, 1.64 
01/07/1971, 1.74 
01/08/1971, 1.74 
01/09/1971, 1.74 
01/10/1971, 1.74 
01/11/1971, 1.74 
01/12/1971, 1.74 
01/01/1972, 1.77 
01/02/1972, 1.77 
01/03/1972, 1.77 
01/04/1972, 1.77 
01/05/1972, 1.77 
01/06/1972, 1.77 
01/07/1972, 1.87 
01/08/1972, 1.87 
01/09/1972, 1.87 
01/10/1972, 1.87 
01/11/1972, 1.87 
01/12/1972, 1.87 
01/01/1973, 2.08 
01/02/1973, 2.08 
01/03/1973, 2.08 
01/04/1973, 2.35 
01/05/1973, 2.35 
01/06/1973, 2.35 
01/07/1973, 2.70 
01/08/1973, 2.70 
01/09/1973, 2.70 
01/10/1973, 4.10 
01/11/1973, 4.10 
01/12/1973, 4.10 
01/01/1974, 13.00 
01/02/1974, 13.00 
01/03/1974, 13.00 
01/04/1974, 10.60 
01/05/1974, 10.60 
01/06/1974, 10.60 
01/07/1974, 10.00 
01/08/1974, 10.00 
01/09/1974, 10.00 
01/10/1974, 10.30 
01/11/1974, 10.30 
01/12/1974, 10.30 
01/01/1975, 10.42 
01/02/1975, 10.42 
01/03/1975, 10.42 
01/04/1975, 10.42 
01/05/1975, 10.42 
01/06/1975, 10.42 
01/07/1975, 10.43 
01/08/1975, 10.43 
01/09/1975, 10.43 
01/10/1975, 10.46 
01/11/1975, 10.46 
01/12/1975, 10.46 
01/01/1976, 11.51 
01/02/1976, 11.51 
01/03/1976, 11.51 
01/04/1976, 11.51 
01/05/1976, 11.51 
01/06/1976, 11.51 
01/07/1976, 11.60 
01/08/1976, 11.60 
01/09/1976, 11.60 
01/10/1976, 11.90 
01/11/1976, 11.90 
01/12/1976, 11.90 
01/01/1977, 12.50 
01/02/1977, 12.50 
01/03/1977, 12.50 
01/04/1977, 12.45 
01/05/1977, 12.45 
01/06/1977, 12.45 
01/07/1977, 12.63 
01/08/1977, 12.63 
01/09/1977, 12.63 
01/10/1977, 12.68 
01/11/1977, 12.68 
01/12/1977, 12.68 
01/01/1978, 12.66 
01/02/1978, 12.66 
01/03/1978, 12.66 
01/04/1978, 12.68 
01/05/1978, 12.70 
01/06/1978, 12.73 
01/07/1978, 12.77 
01/08/1978, 12.79 
01/09/1978, 12.80 
01/10/1978, 12.85 
01/11/1978, 13.20 
01/12/1978, 14.50 
01/01/1979, 17.45 
01/02/1979, 20.75 
01/03/1979, 22.02 
01/04/1979, 22.43 
01/05/1979, 33.50 
01/06/1979, 34.67 
01/07/1979, 33.50 
01/08/1979, 34.00 
01/09/1979, 35.50 
01/10/1979, 37.25 
01/11/1979, 40.75 
01/12/1979, 39.75 
01/01/1980, 39.00 
01/02/1980, 37.25 
01/03/1980, 37.00 
01/04/1980, 36.58 
01/05/1980, 37.05 
01/06/1980, 37.00 
01/07/1980, 35.38 
01/08/1980, 32.95 
01/09/1980, 32.83 
01/10/1980, 37.35 
01/11/1980, 40.30 
01/12/1980, 39.75 
01/01/1981, 39.77 
01/02/1981, 37.90 
01/03/1981, 37.60 
01/04/1981, 36.37 
01/05/1981, 34.28 
01/06/1981, 32.71 
01/07/1981, 33.51 
01/08/1981, 33.98 
01/09/1981, 33.99 
01/10/1981, 34.61 
01/11/1981, 35.68 
01/12/1981, 35.41 
01/01/1982, 35.05 
01/02/1982, 32.27 
01/03/1982, 30.17 
01/04/1982, 31.57 
01/05/1982, 33.04 
01/06/1982, 32.77 
01/07/1982, 32.92 
01/08/1982, 32.42 
01/09/1982, 33.47 
01/10/1982, 33.78 
01/11/1982, 32.85 
01/12/1982, 31.47 
01/01/1983, 30.65 
01/02/1983, 29.11 
01/03/1983, 28.32 
01/04/1983, 29.69 
01/05/1983, 29.36 
01/06/1983, 29.97 
01/07/1983, 30.47 
01/08/1983, 30.65 
01/09/1983, 30.07 
01/10/1983, 29.62 
01/11/1983, 29.17 
01/12/1983, 28.81 
01/01/1984, 29.04 
01/02/1984, 29.20 
01/03/1984, 29.53 
01/04/1984, 29.57 
01/05/1984, 29.46 
01/06/1984, 29.05 
01/07/1984, 27.99 
01/08/1984, 28.17 
01/09/1984, 28.35 
01/10/1984, 27.85 
01/11/1984, 27.65 
01/12/1984, 26.81 
01/01/1985, 26.63 
01/02/1985, 27.60 
01/03/1985, 27.85 
01/04/1985, 27.80 
01/05/1985, 26.65 
01/06/1985, 26.37 
01/07/1985, 26.38 
01/08/1985, 27.02 
01/09/1985, 26.98 
01/10/1985, 27.82 
01/11/1985, 28.60 
01/12/1985, 26.50 
01/01/1986, 24.68 
01/02/1986, 15.92 
01/03/1986, 12.65 
01/04/1986, 11.90 
01/05/1986, 13.72 
01/06/1986, 11.85 
01/07/1986, 9.62 
01/08/1986, 13.70 
01/09/1986, 14.08 
01/10/1986, 13.95 
01/11/1986, 14.45 
01/12/1986, 15.68 
01/01/1987, 18.07 
01/02/1987, 17.25 
01/03/1987, 17.75 
01/04/1987, 17.90 
01/05/1987, 18.40 
01/06/1987, 18.72 
01/07/1987, 19.62 
01/08/1987, 18.82 
01/09/1987, 18.28 
01/10/1987, 18.57 
01/11/1987, 17.75 
01/12/1987, 16.63 
01/01/1988, 16.47 
01/02/1988, 15.85 
01/03/1988, 14.78 
01/04/1988, 16.47 
01/05/1988, 16.22 
01/06/1988, 15.33 
01/07/1988, 14.48 
01/08/1988, 14.55 
01/09/1988, 13.10 
01/10/1988, 12.18 
01/11/1988, 12.53 
01/12/1988, 14.65 
01/01/1989, 16.48 
01/02/1989, 16.35 
01/03/1989, 18.03 
01/04/1989, 19.20 
01/05/1989, 18.02 
01/06/1989, 17.63 
01/07/1989, 17.67 
01/08/1989, 16.88 
01/09/1989, 17.67 
01/10/1989, 18.42 
01/11/1989, 18.37 
01/12/1989, 19.35 
01/01/1990, 20.35 
01/02/1990, 19.60 
01/03/1990, 18.22 
01/04/1990, 16.55 
01/05/1990, 16.58 
01/06/1990, 15.27 
01/07/1990, 17.17 
01/08/1990, 26.40 
01/09/1990, 32.70 
01/10/1990, 34.50 
01/11/1990, 31.08 
01/12/1990, 26.13 
01/01/1991, 22.58 
01/02/1991, 18.13 
01/03/1991, 18.07 
01/04/1991, 18.47 
01/05/1991, 18.82 
01/06/1991, 17.93 
01/07/1991, 19.05 
01/08/1991, 19.37 
01/09/1991, 20.05 
01/10/1991, 21.47 
01/11/1991, 20.77 
01/12/1991, 17.75 
01/01/1992, 17.38 
01/02/1992, 17.62 
01/03/1992, 17.45 
01/04/1992, 18.63 
01/05/1992, 19.50 
01/06/1992, 20.83 
01/07/1992, 20.17 
01/08/1992, 19.62 
01/09/1992, 20.15 
01/10/1992, 20.08 
01/11/1992, 18.88 
01/12/1992, 17.93 
01/01/1993, 17.22 
01/02/1993, 18.17 
01/03/1993, 18.47 
01/04/1993, 18.43 
01/05/1993, 18.17 
01/06/1993, 17.47 
01/07/1993, 16.32 
01/08/1993, 16.48 
01/09/1993, 15.90 
01/10/1993, 16.52 
01/11/1993, 15.20 
01/12/1993, 13.77 
01/01/1994, 14.13 
01/02/1994, 13.78 
01/03/1994, 13.62 
01/04/1994, 15.08 
01/05/1994, 16.28 
01/06/1994, 17.17 
01/07/1994, 17.88 
01/08/1994, 17.00 
01/09/1994, 16.20 
01/10/1994, 16.47 
01/11/1994, 17.08 
01/12/1994, 15.94 
01/01/1995, 16.90 
01/02/1995, 17.42 
01/03/1995, 17.35 
01/04/1995, 18.65 
01/05/1995, 18.42 
01/06/1995, 17.36 
01/07/1995, 16.08 
01/08/1995, 16.47 
01/09/1995, 16.82 
01/10/1995, 16.12 
01/11/1995, 16.74 
01/12/1995, 17.87 
01/01/1996, 17.80 
01/02/1996, 17.70 
01/03/1996, 19.40 
01/04/1996, 20.66 
01/05/1996, 19.06 
01/06/1996, 18.51 
01/07/1996, 19.59 
01/08/1996, 20.44 
01/09/1996, 22.26 
01/10/1996, 23.61 
01/11/1996, 22.39 
01/12/1996, 23.62 
01/01/1997, 23.23 
01/02/1997, 20.42 
01/03/1997, 19.33 
01/04/1997, 17.88 
01/05/1997, 19.37 
01/06/1997, 17.92 
01/07/1997, 18.33 
01/08/1997, 18.70 
01/09/1997, 18.66 
01/10/1997, 20.04 
01/11/1997, 19.09 
01/12/1997, 17.09 
01/01/1998, 15.00 
01/02/1998, 14.10 
01/03/1998, 13.12 
01/04/1998, 13.50 
01/05/1998, 14.03 
01/06/1998, 12.48 
01/07/1998, 12.70 
01/08/1998, 12.49 
01/09/1998, 13.80 
01/10/1998, 13.26 
01/11/1998, 11.88 
01/12/1998, 10.41 
01/01/1999, 11.44 
01/02/1999, 10.75 
01/03/1999, 13.17 
01/04/1999, 15.87 
01/05/1999, 16.06 
01/06/1999, 16.39 
01/07/1999, 18.99 
01/08/1999, 20.27 
01/09/1999, 22.70 
01/10/1999, 21.95 
01/11/1999, 24.16 
01/12/1999, 25.10 
01/01/2000, 25.31 
01/02/2000, 27.22 
01/03/2000, 27.49 
01/04/2000, 23.47 
01/05/2000, 27.19 
01/06/2000, 29.62 
01/07/2000, 28.18 
01/08/2000, 29.26 
01/09/2000, 32.08 
01/10/2000, 31.40 
01/11/2000, 32.33 
01/12/2000, 25.20 
01/01/2001, 25.96 
01/02/2001, 27.24 
01/03/2001, 25.02 
01/04/2001, 25.72 
01/05/2001, 27.55 
01/06/2001, 26.97 
01/07/2001, 24.80 
01/08/2001, 25.82 
01/09/2001, 25.21 
01/10/2001, 20.73 
01/11/2001, 18.69 
01/12/2001, 18.52 
01/01/2002, 19.15 
01/02/2002, 19.98 
01/03/2002, 23.64 
01/04/2002, 25.43 
01/05/2002, 25.67 
01/06/2002, 24.49 
01/07/2002, 25.75 
01/08/2002, 26.78 
01/09/2002, 28.28 
01/10/2002, 27.53 
01/11/2002, 24.54 
01/12/2002, 27.89 
01/01/2003, 30.75 
01/02/2003, 32.88 
01/03/2003, 30.36 
01/04/2003, 25.56 
01/05/2003, 26.06 
01/06/2003, 27.92 
01/07/2003, 28.59 
01/08/2003, 29.68 
01/09/2003, 26.88 
01/10/2003, 29.01 
01/11/2003, 29.12 
01/12/2003, 29.97 
01/01/2004, 31.37 
01/02/2004, 31.33 
01/03/2004, 33.67 
01/04/2004, 33.71 
01/05/2004, 37.56 
01/06/2004, 35.54 
01/07/2004, 37.89 
01/08/2004, 42.08 
01/09/2004, 41.60 
01/10/2004, 46.88 
01/11/2004, 42.13 
01/12/2004, 39.04 
01/01/2005, 42.97 
01/02/2005, 44.82 
01/03/2005, 50.94 
01/04/2005, 50.64 
01/05/2005, 47.83 
01/06/2005, 53.89 
01/07/2005, 56.37 
01/08/2005, 61.89 
01/09/2005, 61.69 
01/10/2005, 58.19 
01/11/2005, 55.04 
01/12/2005, 56.43 
01/01/2006, 62.46 
01/02/2006, 59.70 
01/03/2006, 60.93 
01/04/2006, 67.97 
01/05/2006, 68.68 
01/06/2006, 68.29 
01/07/2006, 72.45 
01/08/2006, 71.81 
01/09/2006, 62.12 
01/10/2006, 57.91 
01/11/2006, 58.14 
01/12/2006, 60.99 
01/01/2007, 53.52 
01/02/2007, 57.56 
01/03/2007, 60.60 
01/04/2007, 65.06 
01/05/2007, 65.16 
01/06/2007, 68.19 
01/07/2007, 73.60 
01/08/2007, 70.13 
01/09/2007, 76.76 
01/10/2007, 81.97 
01/11/2007, 91.34 
01/12/2007, 89.52 
01/01/2008, 90.69 
01/02/2008, 93.39 
01/03/2008, 101.84 
01/04/2008, 108.76 
01/05/2008, 122.63 
01/06/2008, 131.52 
01/07/2008, 132.83 
01/08/2008, 114.57 
01/09/2008, 99.66 
01/10/2008, 72.69 
01/11/2008, 53.97 
01/12/2008, 41.34 
01/01/2009, 43.86 
01/02/2009, 41.84 
01/03/2009, 46.65 
01/04/2009, 50.28 
01/05/2009, 58.15 
01/06/2009, 69.15 
01/07/2009, 64.67 
01/08/2009, 71.63 
01/09/2009, 68.35 
01/10/2009, 74.08 
01/11/2009, 77.55 
01/12/2009, 74.88 
01/01/2010, 77.12 
01/02/2010, 74.76 
01/03/2010, 79.30 
01/04/2010, 84.18 
01/05/2010, 75.62 
01/06/2010, 74.73 
01/07/2010, 74.58 
01/08/2010, 75.83 
01/09/2010, 76.12 
01/10/2010, 81.72 
01/11/2010, 84.53 
01/12/2010, 90.01 
01/01/2011, 92.69 
01/02/2011, 97.91 
01/03/2011, 108.65 
01/04/2011, 116.24 
01/05/2011, 108.07 
01/06/2011, 105.85 
01/07/2011, 107.92 
01/08/2011, 100.49 
01/09/2011, 100.82 
01/10/2011, 99.85 
01/11/2011, 105.41 
01/12/2011, 104.23 
01/01/2012, 107.07 
01/02/2012, 112.69 
01/03/2012, 117.79 
01/04/2012, 113.67 
01/05/2012, 104.09 
01/06/2012, 90.73 
01/07/2012, 96.75 
01/08/2012, 105.27 
01/09/2012, 106.28 
01/10/2012, 103.41 
01/11/2012, 101.17 
01/12/2012, 101.19 
01/01/2013, 105.10 
01/02/2013, 107.64 
01/03/2013, 102.52 
01/04/2013, 98.85 
01/05/2013, 99.37 
01/06/2013, 99.74 
01/07/2013, 105.26 
01/08/2013, 108.16 
01/09/2013, 108.76 
01/10/2013, 105.43 
01/11/2013, 102.63 
01/12/2013, 105.48 
01/01/2014, 102.10 
01/02/2014, 104.83 
01/03/2014, 104.04 
01/04/2014, 104.87 
01/05/2014, 105.71 
01/06/2014, 108.37 
01/07/2014, 105.23 
01/08/2014, 100.05 
01/09/2014, 95.85 
01/10/2014, 86.08 
01/11/2014, 76.99 
01/12/2014, 60.70 
01/01/2015, 47.11 
01/02/2015, 54.79 
01/03/2015, 52.83 
01/04/2015, 57.54 
01/05/2015, 62.51 
01/06/2015, 61.31 
01/07/2015, 54.34 
01/08/2015, 45.69 
01/09/2015, 46.28 
01/10/2015, 46.96 
01/11/2015, 43.11 
01/12/2015, 36.57 
01/01/2016, 29.78 
01/02/2016, 31.03 
01/03/2016, 37.34 
01/04/2016, 40.75 
01/05/2016, 45.94 
01/06/2016, 47.69 
01/07/2016, 44.13 
01/08/2016, 44.88 
01/09/2016, 45.04 
01/10/2016, 49.29 
01/11/2016, 45.26 
01/12/2016, 52.62 
01/01/2017, 53.59 
01/02/2017, 54.35 
01/03/2017, 50.90 
01/04/2017, 52.16 
01/05/2017, 49.89 
01/06/2017, 46.17 
01/07/2017, 47.66 
01/08/2017, 49.94 
01/09/2017, 52.95 
01/10/2017, 54.92 
01/11/2017, 59.93 
01/12/2017, 61.19 
01/01/2018, 66.23 
01/02/2018, 63.46 
01/03/2018, 64.17 
01/04/2018, 68.79 
01/05/2018, 73.43 
01/06/2018, 71.98 
01/07/2018, 72.67 
01/08/2018, 71.08 
01/09/2018, 75.36 
01/10/2018, 76.73 
01/11/2018, 62.32 
01/12/2018, 53.96 
01/01/2019, 56.58 
01/02/2019, 61.13 
01/03/2019, 63.79 
01/04/2019, 68.58 
01/05/2019, 66.83 
01/06/2019, 59.76 
01/07/2019, 61.48 
01/08/2019, 57.67 
01/09/2019, 60.04 
01/10/2019, 57.27 
01/11/2019, 60.40 
01/12/2019, 63.35 
01/01/2020, 61.63 
01/02/2020, 53.35 
01/03/2020, 32.20 
01/04/2020, 21.04 
01/05/2020, 30.38 
01/06/2020, 39.46 
01/07/2020, 42.07 
01/08/2020, 43.44 
01/09/2020, 40.60 
01/10/2020, 39.90 
01/11/2020, 42.30 
01/12/2020, 48.73 
01/01/2021, 53.60 
01/02/2021, 60.46 
01/03/2021, 63.83 
01/04/2021, 62.95 
01/05/2021, 66.40 
01/06/2021, 71.80 
01/07/2021, 73.28 
01/08/2021, 68.87 
01/09/2021, 72.80 
01/10/2021, 82.06 
01/11/2021, 79.92 
01/12/2021, 72.87 
01/01/2022, 83.92 
01/02/2022, 93.54 
01/03/2022, 112.40 
01/04/2022, 103.41 
01/05/2022, 110.10 
01/06/2022, 116.80 
01/07/2022, 105.08 
01/08/2022, 95.97 
01/09/2022, 88.22 
01/10/2022, 90.33 
01/11/2022, 87.38 
01/12/2022, 78.07 
01/01/2023, 80.41 
01/02/2023, 80.25 
01/03/2023, 76.47 
01/04/2023, 82.46 
01/05/2023, 74.12 
01/06/2023, 73.26 
01/07/2023, 78.98 
01/08/2023, 84.72 
01/09/2023, 92.22 
01/10/2023, 89.08 
01/11/2023, 81.35 
01/12/2023, 75.72 
01/01/2024, 77.67 
01/02/2024, 80.55 
01/03/2024, 83.55 
01/04/2024, 88.01 
01/05/2024, 81.45 
01/06/2024, 81.21 
01/07/2024, 83.26 
01/08/2024, 78.12 
01/09/2024, 72.42 
01/10/2024, 73.97 
01/11/2024, 72.29 
01/12/2024, 72.31 
01/01/2025, 67.65 
01/02/2025, 66.01 
01/03/2025, 68.20 
01/04/2025, 62.97 
01/05/2025, 60.85 
01/06/2025, 67.86 
01/07/2025, 66.97 
01/08/2025, 64.21 
01/09/2025, 63.51 
01/10/2025, 60.05 
01/11/2025, 59.46 
01/12/2025, 57.95 
01/01/2026, 60.04 
01/02/2026, 64.47 
01/03/2026, 87.84 
